model,condition,skill,classifier,intro_strategy,macro_f1_mean,macro_f1_std,weighted_f1_mean,mae_mean,kappa_mean,f1_not_exp_mean,f1_junior_mean,f1_midlevel_mean,f1_senior_mean
voyage,C1a,html_css,ordinal,none,0.6125847188495547,0.0331272582446228,0.8244589291008385,0.1749780275321868,0.6209069446727467,0.7234627848964684,0.8815446780343603,0.6946903868263645,0.1506410256410256
gemini,C2a,html_css,ordinal,none,0.6077871297320242,0.0121816391847026,0.8114976737300896,0.1904364367006192,0.5973418207458441,0.6967781056341598,0.870140874315896,0.6817321189574013,0.1824974200206398
openai-large,C2a,html_css,nominal,none,0.6042803894819887,0.0148026827091097,0.8410230272813148,0.1617214712714652,0.6611634427376927,0.734724887580515,0.8904617280244983,0.7434055305582354,0.0485294117647058
gemini,C1a,html_css,ordinal,none,0.603782195712433,0.038101176438338,0.8083568312057261,0.1937527232166199,0.5900175368798158,0.7057063678675377,0.8679181955228626,0.6698531822328461,0.1716510372264847
qwen3-8b,C2a,html_css,nominal,none,0.6021268390147966,0.0337124338909773,0.8235392467501473,0.1795497947161505,0.6244821741914732,0.718333692790625,0.8769684495965233,0.709675801907332,0.1035294117647059
gemini,C2b,html_css,ordinal,concat,0.5997219840715766,0.0274878088338398,0.8104299434324128,0.1912263251327684,0.5939039225868377,0.7156736335324272,0.8701669060552313,0.6683277544557866,0.144719642242862
openai-large,C1b,html_css,ordinal,concat,0.596754939868277,0.0216224636865386,0.8119769229244103,0.1879146447431648,0.5925774584461504,0.7095400585964027,0.873422566624766,0.6679460231408278,0.1361111111111111
kalm-12b,C1a,html_css,nominal,none,0.5902252498847022,0.0178882268857107,0.8260454719951029,0.1782904548612062,0.631073740666635,0.7342321482449835,0.8781680066345103,0.7121372082956783,0.0363636363636363
qwen3-0.6b,C2a,html_css,ordinal,none,0.5898163804007478,0.0254539399367143,0.8020809275961891,0.1967494441525848,0.5701782723370303,0.6936445544230977,0.8675325448141858,0.646421755699041,0.1516666666666666
gemini,C1b,html_css,ordinal,concat,0.5895520211844598,0.0136500203150677,0.8060683381258963,0.1950143038898115,0.5844341729554048,0.7135148120768005,0.8672025919532516,0.6586911469082535,0.1187995337995338
voyage,C2a,html_css,nominal,none,0.5894901159007271,0.0311936044190333,0.81227610153644,0.1942206807605835,0.6061535173173722,0.703608809223574,0.8654759220308345,0.700963644436412,0.0879120879120879
openai-large,C1a,html_css,ordinal,none,0.5889747955919755,0.0361504956112414,0.8086280147132324,0.1920180809134571,0.5881390518343348,0.6916902272456018,0.8700594674208567,0.6718769889583562,0.1222724987430869
openai-large,C2b,html_css,ordinal,concat,0.5887479751080443,0.0279867809025711,0.8140634434837534,0.185704575501881,0.5992449097467599,0.7084699863564283,0.8741172771075781,0.6775328420963761,0.0948717948717948
qwen3-8b,C1b,html_css,ordinal,concat,0.5880693570345464,0.0208113070950073,0.8119379620056147,0.1871263746797497,0.5935165555973136,0.7017273705182167,0.8727289121179161,0.6747908424717497,0.103030303030303
voyage,C2b,html_css,ordinal,average,0.5880061072950855,0.0419615137836722,0.8026943460116158,0.1959583108214093,0.5726249404727684,0.7008978266369141,0.8663148673399774,0.6506703210620369,0.1341414141414141
kalm-12b,C1b,html_css,ordinal,concat,0.5879875559227897,0.0491342075749751,0.8109554166227193,0.1877561690971245,0.5923485013064973,0.704055011915363,0.8721533739511713,0.6707418378246244,0.105
kalm-12b,C2a,html_css,nominal,none,0.5856418444545056,0.0096421434559337,0.8314372057638029,0.1711880569367018,0.6411423723557783,0.741165267414556,0.8836044027483888,0.7177977076550781,0.0
cohere,C1a,html_css,nominal,none,0.5849879566723268,0.0335000660589419,0.7822272670708669,0.2226245459230801,0.5411252850379047,0.6682466897712181,0.8433421013357574,0.6427220099413063,0.1856410256410256
openai-small,C2a,html_css,nominal,none,0.5849118650363674,0.0349024353223709,0.8114748234003331,0.1932771717885962,0.6006261124619137,0.6991804046558424,0.867255351994282,0.6932117034953451,0.08
qwen3-8b,C1a,html_css,ordinal,none,0.5818159278802337,0.0241391835130061,0.8055383022359297,0.1940679316500638,0.5803797970758874,0.7012531727211327,0.8685105100394317,0.6579588681665784,0.0995411605937921
kalm-12b,C2b,html_css,ordinal,concat,0.5814988041572507,0.0212223245502549,0.8009840233692209,0.1988021581569519,0.5712406116811029,0.6921930425501346,0.8646900248842501,0.6524454825279516,0.1166666666666666
cohere,C2b,html_css,ordinal,concat,0.5803072876930522,0.0449516996141842,0.7868353528973661,0.214577145147757,0.5422732948060861,0.6850115279302992,0.8534356285633811,0.6234169149134493,0.1593650793650793
qwen3-8b,C2b,html_css,nominal,concat,0.5786640835417753,0.0164471139801073,0.8129610732364542,0.1912280679914052,0.6040523417149501,0.712343978677527,0.8691481782241048,0.6887197328210248,0.0444444444444444
openai-small,C1a,html_css,ordinal,none,0.5778295265001125,0.0343431310839153,0.7918107712363927,0.2106333050326288,0.5544310166666017,0.6806003991600466,0.8565900396157433,0.640010020165837,0.1341176470588235
qwen3-0.6b,C1a,html_css,ordinal,none,0.5768792920847355,0.0433286168874708,0.7959690637079796,0.2032174415333172,0.558253393480898,0.6784186660292167,0.861714613433721,0.6443069657990816,0.123076923076923
openai-large,C4,html_css,ordinal,none,0.5767383142768191,0.0393013048956578,0.7862370954165808,0.2163148996984854,0.542151541511567,0.6485484081314825,0.8524871441955517,0.6410692199317574,0.1648484848484848
cohere,C2a,html_css,nominal,none,0.5761544660537894,0.0361160554585558,0.794814171664685,0.2115789303329607,0.5658734509479721,0.7043513486042167,0.8553345022895795,0.6488793817424137,0.0960526315789473
qwen3-4b,C1a,html_css,nominal,none,0.5748448937437978,0.0317149211182683,0.8051358018974009,0.1995910506698802,0.5860301722001712,0.6996609932971046,0.8636404652311487,0.6745396549084763,0.0615384615384615
openai-small,C1b,html_css,nominal,concat,0.5702286553994642,0.0123786205057237,0.809886110680211,0.1940648194024982,0.5958317278745724,0.7026929483360459,0.8669377779539378,0.6862838953078729,0.025
cohere,C1b,html_css,ordinal,concat,0.5689968793350874,0.0130004488769245,0.7720979808551933,0.2300381686041445,0.5106748212806098,0.6495517928068305,0.8432715381421623,0.6019154763810367,0.1812487100103199
qwen3-4b,C2a,html_css,nominal,none,0.5684581475389792,0.0174414439029662,0.8036266724681578,0.2006926618181999,0.5846405410997224,0.6763999207888778,0.8614901306332344,0.6859425387338048,0.05
openai-small,C3,html_css,nominal,none,0.568002171498239,0.0257731723329013,0.7990735749833495,0.2062175236966529,0.5734899761774994,0.6801981069763925,0.8584311725745828,0.6718409449035192,0.0615384615384615
qwen3-0.6b,C2b,html_css,ordinal,average,0.5676112788919889,0.0393295220797592,0.7799433367819786,0.2178906928859,0.5228325990477306,0.655634478912168,0.8504619595039455,0.6138436266467919,0.1505050505050505
voyage,C1b,html_css,ordinal,average,0.5648763470753542,0.0248130750819487,0.7977262315583321,0.2005353065812832,0.5627333786625686,0.6916681156026853,0.8633903060051293,0.6425422047888402,0.0619047619047619
openai-small,C2b,html_css,ordinal,concat,0.5626280687997214,0.0169795938409908,0.7835902388251834,0.2188393059438949,0.5363115379824519,0.664903373015873,0.8510601086662621,0.6266122855802423,0.1079365079365079
openai-large,C3,html_css,ordinal,none,0.5620880775044717,0.0241667194619325,0.7975532894879371,0.2044798936358272,0.5656147269929217,0.6692159535178096,0.8620690979003518,0.6570672585997248,0.06
openai-small,C4,html_css,nominal,none,0.5617057941564656,0.0091423777783283,0.799093934569236,0.204480267105535,0.5748143855875567,0.6913988586191733,0.8589052112985005,0.6657498759389576,0.0307692307692307
qwen3-4b,C1b,html_css,ordinal,concat,0.5572850462870325,0.0290859453625858,0.7925406231083321,0.2077964291316331,0.5535291158057081,0.6682069658613904,0.8584175394636459,0.6453728226802363,0.0571428571428571
jina-v5-small,C1a,html_css,ordinal,none,0.5547202852018686,0.0258931871304936,0.7861356412985901,0.2128411334556654,0.5363573745935161,0.6691443496421852,0.8552735569433286,0.62369400345273,0.0707692307692307
jina-v5-small,C2a,html_css,ordinal,none,0.5540241625538932,0.0176046901427779,0.786879003596012,0.2125249291030004,0.5387005063815413,0.6838733340460589,0.856506117795463,0.6163765390333917,0.0593406593406593
voyage,C4,html_css,ordinal,none,0.5516172351343218,0.0336423765605983,0.7776493818061091,0.2196264555981864,0.5155367642791255,0.6397557854374375,0.8505355654028726,0.6111775896969771,0.105
qwen3-4b,C2b,html_css,nominal,average,0.5479924662054538,0.0245033250756224,0.7781230576026328,0.2279896872564666,0.5310448608343894,0.648583191765677,0.8430187597591802,0.6362653491943937,0.0641025641025641
qwen3-0.6b,C1b,html_css,ordinal,average,0.5441413069062365,0.0286805903371283,0.7739828946802425,0.2234136874158137,0.5080840935560418,0.6321490868502755,0.8479126661021027,0.6060272841963774,0.0904761904761904
voyage,C3,html_css,ordinal,none,0.5403789918753132,0.0143041920319364,0.7810989537661148,0.2164741222839415,0.5251375021168538,0.6679047596912369,0.8523489164783239,0.6104930605624614,0.0307692307692307
qwen3-8b,C3,html_css,ordinal,none,0.5398298764937446,0.0317413227298876,0.7573351634333768,0.244243337922861,0.4806232011534589,0.6380463325584034,0.8317656147619665,0.5757820684585295,0.1137254901960784
kalm-12b,C3,html_css,ordinal,none,0.5368062751691705,0.016794464039224,0.7665929049815982,0.2350897198728211,0.5018625958191741,0.644994470488177,0.8382270888466635,0.5973368746751748,0.0666666666666666
gemini,C3,html_css,nominal,none,0.5367174490345541,0.0192418642785141,0.7606412438098736,0.2473981610351584,0.4970633974178867,0.6245911407234195,0.8284179584209046,0.6109906258885267,0.0828700711053652
jina-v5-small,C2b,html_css,ordinal,concat,0.5335258182591817,0.0321246980892262,0.7469018382530586,0.2584414113171281,0.4628988283208416,0.6215560000003274,0.822662242696779,0.563064302048304,0.1268207282913165
jina-v5-small,C1b,html_css,ordinal,average,0.5333111910022083,0.0198474661682287,0.7757039774377648,0.2218375207586912,0.5122305124020304,0.6528250734907585,0.8489091238926196,0.6029391380540264,0.0285714285714285
qwen3-0.6b,C3,html_css,ordinal,none,0.531869173245249,0.0159130010473868,0.7588061756047164,0.2380871877482017,0.470415608519754,0.6228873141397304,0.8398351620971864,0.562849454839317,0.1019047619047619
kalm-12b,C4,html_css,nominal,none,0.5234570217139872,0.0174462108195751,0.7612160003139306,0.2443988258112384,0.4930332495230075,0.6261151129347451,0.8318912034473701,0.6024884371405006,0.0333333333333333
qwen3-0.6b,C4,html_css,ordinal,none,0.5186208261802775,0.0159115745164348,0.765328599760081,0.2314594698224027,0.4859134477797761,0.6148885937812228,0.8447297757866707,0.5840957043839852,0.0307692307692307
qwen3-8b,C4,html_css,nominal,none,0.5181648731350104,0.0094576478917564,0.7636843296770333,0.2396650972639609,0.4962130041950406,0.6379157826190228,0.834803593894469,0.5999401160265491,0.0
qwen3-4b,C3,html_css,ordinal,none,0.5112910660353865,0.0328791844419314,0.7324403340021052,0.2737505570923142,0.4321907444587525,0.5898013251591367,0.8112470054564154,0.5467769979517642,0.0973389355742296
gemini,C4,html_css,ordinal,none,0.5076034799739472,0.01209197769668,0.7398101312482706,0.2649086617584447,0.4451541920362607,0.614133649720338,0.8192276240316737,0.5453859794771103,0.0516666666666666
jina-v5-small,C3,html_css,ordinal,none,0.5071115448378445,0.0159886666118617,0.7505880361230483,0.2459778557361212,0.4514799916570632,0.6268540849386789,0.8362466240407264,0.5345762396027426,0.0307692307692307
qwen3-4b,C4,html_css,nominal,none,0.5031765099111801,0.005800707656926,0.7395899987081402,0.268222458476393,0.4524881855918241,0.5978869388487132,0.8142314234166742,0.5698184466101023,0.0307692307692307
cohere,C3,html_css,ordinal,none,0.4991691883539493,0.0222716738951046,0.7318658897742327,0.2713808917958664,0.4254996291839011,0.5982200823508211,0.8150348778810879,0.5280371777992728,0.0553846153846153
cohere,C4,html_css,ordinal,none,0.4935612867775056,0.0104519601087774,0.7306416702579055,0.2723257701567826,0.420146793691444,0.5878091804218916,0.8156547234006022,0.5250669575732432,0.0457142857142857
jina-v5-small,C4,html_css,ordinal,none,0.4734660223172542,0.0145226660742583,0.7206294637054664,0.2743758698731945,0.3832008192008733,0.5623119872419113,0.8168784475071942,0.4839044237506806,0.0307692307692307
voyage,C2a,javascript,ordinal,none,0.5995538124031382,0.024980102914293,0.7937103560845393,0.2051083186642731,0.5465873682909747,0.7273212923282947,0.8667382129153802,0.526155744368878,0.2779999999999999
openai-large,C2b,javascript,ordinal,concat,0.5927619229122622,0.0301181366966037,0.7847981547568312,0.2175741150635272,0.5297807911809388,0.7010946992353839,0.8581987861312264,0.5331338934229949,0.2786203128594432
kalm-12b,C2a,javascript,ordinal,none,0.592121564559652,0.0234732971076305,0.792055604933843,0.2118936408067941,0.5478665226336297,0.7325142943028696,0.8632914890796897,0.5291101778930931,0.2435702969629554
voyage,C1a,javascript,ordinal,none,0.5853760676789755,0.0440022165538529,0.7890321785593961,0.209056266946188,0.5362479951255334,0.7277458209736019,0.8636286907275258,0.5102778235106648,0.2398519355041094
gemini,C2a,javascript,ordinal,none,0.5814121002533603,0.0274196539132465,0.7785442727642995,0.2267228780073648,0.5197149777289465,0.7111986741379468,0.8535810146249407,0.5020259816099102,0.2588427306406433
qwen3-8b,C2a,javascript,ordinal,none,0.5805290153013972,0.0240103599290485,0.7847670720699675,0.2189936734231486,0.5320042471625814,0.7151187782709499,0.8583537051120347,0.5211893116586607,0.2274542661639436
kalm-12b,C2b,javascript,ordinal,concat,0.579544146015761,0.031937863100548,0.783362586426662,0.2197853047139346,0.5275915084683606,0.7230815331915513,0.8566297133704577,0.5112622723669352,0.2272030651340996
qwen3-8b,C1a,javascript,ordinal,none,0.571370617168169,0.0328171034802799,0.7671657716882117,0.2360338512943215,0.493529625614499,0.6745722624003486,0.8454459291534,0.499481872426845,0.2659824046920821
kalm-12b,C1a,javascript,ordinal,none,0.5669612503873896,0.0313946371523661,0.7708288677343572,0.2325649401577038,0.5017956824401939,0.6972004911393727,0.8482645130149258,0.4901175147798365,0.2322624826154237
openai-large,C2a,javascript,nominal,none,0.5661763927843684,0.0187908586830083,0.8012968514263312,0.2038494767689393,0.574274074905408,0.730237564295747,0.8672520930921583,0.5916206756543302,0.075595238095238
openai-large,C1b,javascript,ordinal,concat,0.5651053193575623,0.0238435215211066,0.772561472633258,0.2290921698341047,0.501002540451695,0.6877476078666276,0.8509474586421646,0.4998637550526171,0.2218624558688397
gemini,C1a,javascript,ordinal,none,0.565085089270406,0.0139242222763074,0.7667842143620461,0.239191288694574,0.4948892557832028,0.688720016209696,0.8440094889988025,0.4913679676226515,0.2362428842504743
qwen3-8b,C2b,javascript,ordinal,concat,0.5630943898897549,0.0187352117692447,0.7755170408127195,0.2267268616842487,0.5103627814922168,0.6992399989932349,0.8521249458117699,0.5050052887466893,0.196007326007326
openai-small,C2a,javascript,ordinal,none,0.5618651566125082,0.0138683796202184,0.7568150639986814,0.2502347879563488,0.4742562387203708,0.6699680308448012,0.835976478938776,0.4778984204703391,0.2636176961961166
qwen3-8b,C1b,javascript,ordinal,concat,0.5582283962398734,0.0272998987497288,0.769940077206641,0.2325664340365353,0.4961961613870274,0.6872128460242178,0.8495172255784922,0.489641906815177,0.2065416065416065
voyage,C3,javascript,ordinal,none,0.5554826590566847,0.0389766318620616,0.7620775239279403,0.23429547429408,0.4725470597577855,0.6779231040222521,0.8472380590324832,0.4508757533652404,0.2458937198067633
openai-large,C1a,javascript,ordinal,none,0.5536634930244301,0.0238521959506252,0.7628243129543002,0.2425030935740801,0.4849648898653728,0.6638247181497083,0.8424712905577391,0.4989193278693232,0.2094386355209492
gemini,C2b,javascript,ordinal,concat,0.5513239261710479,0.01152893811055,0.7642496033352486,0.2431350043197996,0.4883637019045073,0.6882076952415568,0.8429413552984777,0.4822393457662602,0.1919073083778966
qwen3-4b,C1b,javascript,ordinal,concat,0.5499745470932312,0.0191070360753165,0.7550285113717102,0.2477116266099656,0.4657126477638632,0.6396568280111739,0.838284558040322,0.4877687681333948,0.2341880341880342
kalm-12b,C1b,javascript,ordinal,concat,0.5470806302225768,0.0175700802424848,0.7705486277268638,0.2314589718627922,0.4988791853735136,0.6993981777242658,0.8503053921113943,0.4807951962653746,0.157823754789272
openai-small,C1a,javascript,ordinal,none,0.5466476643264002,0.0126521971841569,0.7543080959328309,0.2538630461683253,0.4704601414976734,0.6769076376817041,0.8338133824034083,0.4675153230321851,0.2083543141883031
voyage,C1b,javascript,ordinal,average,0.5462376460721016,0.0228897836850698,0.7642157650224067,0.2342987110315482,0.4785648691217314,0.6873938638469355,0.8481208229709916,0.4559388214470877,0.1934970760233918
voyage,C2b,javascript,ordinal,average,0.5461753354314458,0.0188270650730891,0.7698634341039259,0.2284615039874116,0.4914363145074373,0.6946581550290849,0.8520785483412915,0.4710812534224861,0.1668833849329205
cohere,C2a,javascript,ordinal,none,0.5403710217943593,0.0098066851646558,0.7535016246017309,0.2538649135168646,0.4657434999065006,0.6755822342313703,0.8356078442791386,0.4546494653471901,0.1956445433197379
qwen3-0.6b,C2b,javascript,ordinal,average,0.5386089070718997,0.0412575309025763,0.7514644218364244,0.2473930569491508,0.4493628694551385,0.6476909611875803,0.8384765852697743,0.4530977449207768,0.2151703369094673
gemini,C1b,javascript,ordinal,concat,0.5384463551463419,0.023100983058651,0.7537713607065647,0.2541787525613798,0.4676975108588087,0.6815920242061837,0.8354605866738559,0.4519588120281043,0.1847739976772235
qwen3-4b,C1a,javascript,ordinal,none,0.5361231591460763,0.0129687130111983,0.7468567058887399,0.2600158351156137,0.4519017484174986,0.6502249941263337,0.8311687556729597,0.4552669964531216,0.2078318903318903
qwen3-0.6b,C2a,javascript,ordinal,none,0.5356671500042729,0.0318640136878331,0.7679086394543393,0.2314578514536685,0.486113303459546,0.6827627833232602,0.8515491507312264,0.4746353952848129,0.1337212706777924
openai-small,C1b,javascript,ordinal,concat,0.5298762890261797,0.0115102268350479,0.7502892812446584,0.2589144729470992,0.4598887275390754,0.6687179046721967,0.832800368155465,0.4555784857688412,0.162408397508216
jina-v5-small,C2a,javascript,ordinal,none,0.5296989790453586,0.0086991429385884,0.7542606113583503,0.2453415878438099,0.4566433327098576,0.6520041634558547,0.8407815333864986,0.4610271093902955,0.164983109948785
qwen3-4b,C2a,javascript,nominal,none,0.5296267489046936,0.026140055875544,0.7558290411615536,0.2527554595046796,0.4799106076943705,0.6664610825307102,0.8311282983364432,0.5112778631988262,0.109639751552795
qwen3-0.6b,C1a,javascript,ordinal,none,0.529415841663079,0.0200800590357972,0.7673505710088497,0.2295641110549523,0.4847533234967908,0.670074842506317,0.8517749865899775,0.484771439557402,0.1110420979986197
openai-small,C2b,javascript,ordinal,concat,0.5288606039090451,0.0200783361914777,0.746889278029718,0.2592285609714196,0.4530780543297835,0.6485851313796117,0.8299345148778532,0.4665080228349365,0.1704147465437788
gemini,C3,javascript,ordinal,none,0.5280353312628115,0.0232306868432784,0.7327605931926565,0.271535632744828,0.4198271120870216,0.6228814618016119,0.8220108116371245,0.4262233839951908,0.2410256676173191
cohere,C1a,javascript,ordinal,none,0.5260019346117527,0.0220861549117613,0.7450297342555123,0.2619113183729668,0.4432484739981057,0.6587821392699441,0.8313845401479778,0.4335915766403876,0.1802494823887014
jina-v5-small,C1a,javascript,ordinal,none,0.5245137059223913,0.0270039868527795,0.7613983035891388,0.2374544055731639,0.4725327786031805,0.6639011918066106,0.8467204732383591,0.4736046073332068,0.1138285513113888
qwen3-4b,C2b,javascript,ordinal,concat,0.5198277745454629,0.0113382480700767,0.7431151080821105,0.2617522202774133,0.4410884643632617,0.6259965345630314,0.8298268651742738,0.4645294376759407,0.1589582607686055
gemini,C4,javascript,ordinal,none,0.5192297709738158,0.0099135981597708,0.732393085905551,0.2754807177589826,0.4203256375016679,0.621469315970421,0.8201335461344159,0.4381192520934572,0.1971969696969697
qwen3-0.6b,C1b,javascript,ordinal,average,0.5184124799996136,0.0227470133503465,0.7450739626823234,0.2510226845500561,0.434421171329641,0.644991851980006,0.8379214328594886,0.4153203672163763,0.1754162679425837
cohere,C2b,javascript,ordinal,concat,0.5134198021150229,0.0099396157204617,0.733925232580439,0.2767452861898371,0.4266488733242582,0.6468488796107602,0.8210575799042298,0.4198142629866158,0.1659584859584859
qwen3-0.6b,C4,javascript,ordinal,none,0.5130032626001423,0.0250601862200808,0.744896739596378,0.2530745271251049,0.4334622051069653,0.6256078202787215,0.8361165097685888,0.4464791965437351,0.1438095238095237
voyage,C4,javascript,ordinal,none,0.5093156780486536,0.0284436677818735,0.7490239778577649,0.2473947998077875,0.444912356482454,0.6475536739414554,0.8395490819852925,0.4380546931099717,0.1121052631578947
qwen3-8b,C3,javascript,nominal,none,0.5085725990300899,0.0035192353276704,0.7343002640191754,0.27800313216595,0.4340909288946647,0.6444331638980063,0.8157359043937753,0.4561912578985082,0.1179300699300699
jina-v5-small,C3,javascript,ordinal,none,0.5079096915826136,0.0085044067447059,0.7405337841000218,0.2560733643894143,0.422245960185,0.6235535116345887,0.8338688304788378,0.4283812480412945,0.1458351761757334
qwen3-0.6b,C3,javascript,ordinal,none,0.507779396870782,0.0217708528325651,0.745171483433233,0.2502362818351803,0.4301252992398746,0.6431593809300705,0.8407310945108396,0.4060262838848684,0.1412008281573498
openai-small,C4,javascript,ordinal,none,0.5049474752052208,0.0154525907504753,0.7342224921781945,0.2712196773719683,0.4220760467915303,0.6336084747984748,0.8232054243784436,0.4273613711763929,0.1356146304675716
kalm-12b,C3,javascript,ordinal,none,0.5030791188344433,0.0174370676017698,0.7206401408383585,0.2884180819093763,0.3975304045073631,0.5979365991028873,0.8116371590830284,0.4225457832177087,0.1801969339341487
cohere,C1b,javascript,nominal,concat,0.501181307242314,0.0173620596346287,0.737220784147869,0.2728003256655852,0.4362651571197064,0.6449701990758104,0.8188034162952169,0.4644577749560526,0.0764938386421762
openai-small,C3,javascript,ordinal,none,0.4985223550859602,0.0102015959032734,0.7321002310841995,0.27374134483952,0.4168212366291987,0.6201479637152639,0.8217135789297817,0.4353194527903704,0.1169084249084249
qwen3-4b,C3,javascript,ordinal,none,0.4967831035292769,0.0194171364563743,0.7204505606724299,0.2915735274711868,0.3970044685921765,0.6134368168328436,0.8114060003533099,0.4077532560788237,0.1545363408521303
qwen3-8b,C4,javascript,nominal,none,0.4964201132073348,0.0144816788814862,0.7208432616681042,0.2888911435393475,0.4018413371898058,0.6121620056485133,0.8070680105802559,0.4361647223148562,0.1302857142857142
jina-v5-small,C1b,javascript,nominal,concat,0.4955530402293108,0.0196088544334735,0.727145581072479,0.284630850091749,0.4221951289540729,0.6125780508069864,0.8088893103917586,0.4761042768426812,0.084640522875817
kalm-12b,C4,javascript,ordinal,none,0.4887358121757442,0.0191426514422874,0.7153794826554657,0.2963092478569063,0.3826058925683896,0.6042814280788387,0.810137944904685,0.3869532004499983,0.1535706752694549
openai-large,C4,javascript,nominal,none,0.4869013924726526,0.0289288170105351,0.7227697759403326,0.2892077213617203,0.4103850745442236,0.6005399692540726,0.807878306307112,0.4627234073392231,0.0764638869902027
cohere,C4,javascript,ordinal,none,0.4861967369100027,0.0224801922734974,0.7127661768634714,0.2966218420023952,0.3767572560814954,0.5924404801561244,0.8064364929888743,0.40032586136526,0.145584113129752
openai-large,C3,javascript,ordinal,none,0.4849141346994229,0.013545858931538,0.7046917056121884,0.309715440980582,0.3658921138466589,0.5610288071246867,0.7977901080788481,0.4185015725484287,0.1623360510457284
qwen3-4b,C4,javascript,nominal,none,0.4789719401593772,0.0250292131379188,0.7008021167470266,0.3144535266744513,0.3666886172196341,0.5629288433301618,0.79058662897482,0.4270922450433304,0.1352800432891966
jina-v5-small,C4,javascript,ordinal,none,0.4757641076159745,0.0207788777725321,0.7182799141560186,0.2778486401967936,0.3690960614242985,0.5738641096594034,0.8224967988513063,0.3789484863800662,0.1277470355731225
jina-v5-small,C2b,javascript,nominal,concat,0.4740659735139097,0.0156665318137775,0.7154071697586011,0.3013563174890884,0.39963994300669,0.6116043072576496,0.7999117473292563,0.4406898684542398,0.0440579710144927
cohere,C3,javascript,ordinal,none,0.4672189964576357,0.0107286621807435,0.7114848870903387,0.296466603093823,0.3681438940212588,0.6065745539034626,0.8081996976742808,0.3714737326247976,0.0826280016280016
voyage,C2a,react,ordinal,none,0.6622865018367908,0.0091315131720454,0.7584623797810487,0.2417170643289123,0.6000037960503409,0.7921884035944574,0.8214571773147649,0.6840941566877368,0.3514062697502046
voyage,C1a,react,ordinal,none,0.6489959127787446,0.0111471739315432,0.7444776169025442,0.2562298481970127,0.5775184349587124,0.7797526738273568,0.8058409433990537,0.6724020597548633,0.3379879741337044
gemini,C2a,react,ordinal,none,0.6168088148122175,0.0190915114288591,0.7177034789078661,0.2877896568809304,0.5331623689034741,0.7312461733758737,0.7897506567715438,0.6351218341627497,0.3111165949387026
gemini,C1a,react,ordinal,none,0.6128228197601978,0.0192860244266517,0.7108835446664961,0.2928358550837941,0.5213816592423446,0.7360093269191117,0.7831123016213807,0.622176194438018,0.3099934560622808
kalm-12b,C1a,react,ordinal,none,0.612381393040718,0.0147882927301837,0.7086507024108262,0.2975688366916559,0.5163976726300721,0.7260571390940422,0.7814560786577218,0.6201788865606909,0.321833467850417
openai-large,C1a,react,nominal,none,0.6103875647213896,0.0204552812578785,0.7236057305684032,0.2892061029929862,0.5426295904005392,0.7549130207577575,0.7943567379290627,0.645722565518334,0.2465579346804041
openai-large,C2b,react,ordinal,concat,0.6098393471227019,0.0117428774038888,0.7118888504097389,0.2917325010768377,0.5228036734427508,0.7353656030521076,0.7840566384667442,0.6264427629020847,0.2934923840698716
voyage,C1b,react,ordinal,average,0.609748970087441,0.0117069417389153,0.7160298245344728,0.2849491707727586,0.5280707562298025,0.7414186863812771,0.7876064497057198,0.6339318850908771,0.2760388591718899
kalm-12b,C2a,react,ordinal,none,0.6093629690245077,0.0181506254432712,0.7084093875174189,0.2986728131481255,0.5173585906967465,0.7364059734039006,0.7835167594087065,0.613521399213319,0.3040077440721045
openai-large,C2a,react,nominal,none,0.6082010908999431,0.0226054450088355,0.728704448807961,0.2851007994741547,0.5508128822973284,0.7613316278359241,0.8028857446009742,0.6482862173459946,0.2203007738168799
qwen3-8b,C2a,react,ordinal,none,0.6073639982921002,0.0209191501176718,0.7116078311016409,0.29441550745819,0.5235002493844073,0.7439892000142022,0.7859543494023155,0.6202584425952191,0.2792540011566638
voyage,C2b,react,ordinal,concat,0.6073450555041997,0.0142775356668108,0.7056606024083121,0.3004100697392434,0.5128441102335618,0.740599970614307,0.7791261879545713,0.6112958353208178,0.2983582281271028
openai-small,C2a,react,ordinal,none,0.6066151585239546,0.0133712743436907,0.7082046111491633,0.2996200568171915,0.5158863388219798,0.7439134003171379,0.7784015815918265,0.6222582442424746,0.2818874079443795
qwen3-8b,C1a,react,ordinal,none,0.6045460474189621,0.0159132232307173,0.700337293620167,0.3056203456337656,0.5046137229936548,0.7424521056604931,0.7743455086541488,0.60082967194716,0.3005569034140463
qwen3-8b,C2b,react,ordinal,concat,0.6018748573291081,0.0111209323959417,0.70627253140435,0.2986764233553017,0.5133992938225219,0.7350062755738367,0.7822044254435114,0.6130537777150771,0.2772349505840071
openai-small,C1a,react,ordinal,none,0.6015686865567804,0.0163784107942453,0.7015024592045721,0.3034065416954031,0.5063777853138496,0.747264435687879,0.77348562755136,0.6074680188448267,0.2780566641430558
openai-large,C1b,react,ordinal,concat,0.6012143529618826,0.0178306581573874,0.7016777498283763,0.3045140038691462,0.5060469583530331,0.7303498333046805,0.7760227045726119,0.6090905592585191,0.289394314711719
gemini,C2b,react,ordinal,average,0.6010016236664448,0.0114987483261171,0.6964138257713517,0.3130324744359985,0.4968061112047048,0.7108817458118745,0.7672130750407506,0.6124043088137567,0.3135073649993978
qwen3-8b,C1b,react,ordinal,concat,0.5992765242052733,0.0166048366504173,0.6984589172526691,0.3083007377271629,0.5005615241702884,0.7211932610572654,0.7727647392460393,0.6070948486991596,0.2960532478186292
qwen3-0.6b,C2a,react,ordinal,none,0.5977338521163033,0.0179759848478631,0.7034535479640568,0.3019856139468527,0.5067993164086747,0.7315859356029948,0.7744073395174638,0.6212651056822562,0.2636770276624983
kalm-12b,C2b,react,ordinal,concat,0.5962030319548242,0.0119817306245223,0.6998264795337301,0.3071936490231277,0.5031727692777148,0.7186976702397209,0.7734149177800926,0.6141148608365201,0.2785846789629629
qwen3-0.6b,C1a,react,ordinal,none,0.5954769722715613,0.0224805556732857,0.6963987694493039,0.3064013952828286,0.493112580526368,0.7229716300503259,0.7693646696046279,0.6075076920303151,0.282063897400976
gemini,C1b,react,ordinal,concat,0.5938427920982507,0.0130927838357925,0.6856178539500435,0.3262851715097388,0.4803858063405808,0.7247222073155903,0.7592061664441623,0.5853068643384765,0.3061359302947737
qwen3-4b,C1a,react,nominal,none,0.5934221442290175,0.0079998960687881,0.7086729219649861,0.3097185532281477,0.517838202965319,0.7324804174515567,0.7804076306917401,0.6326696143549515,0.2281309144178217
kalm-12b,C1b,react,ordinal,concat,0.589421703234726,0.0144500268695751,0.6984424585711657,0.3048294612823954,0.5012638966964906,0.7167784099435865,0.7754081859735231,0.6097800218781269,0.255720195143668
voyage,C4,react,ordinal,none,0.5891045493161728,0.0104645418578619,0.701223176076456,0.3018268893210072,0.5027739382408691,0.7097902489048072,0.774404779409781,0.6254399611385584,0.2467832078115449
qwen3-0.6b,C4,react,ordinal,none,0.5886307831541977,0.0248840271984897,0.6914901215321814,0.311450705733258,0.4854155175423637,0.6985464114946487,0.7650934723223739,0.6092837440611517,0.2815995047386169
cohere,C1a,react,ordinal,none,0.5877566182789564,0.0143021459353707,0.685419460669879,0.3202892398397566,0.4783707377221321,0.7248414864645788,0.758754040593265,0.5894041877550127,0.2780267583029691
qwen3-4b,C2a,react,ordinal,none,0.5843791308297477,0.0154980768169129,0.6772208917143928,0.331966268215985,0.4661010708997872,0.6993494634420074,0.7536535890169149,0.5776190537236493,0.3068944171364188
voyage,C3,react,ordinal,none,0.5837870521565001,0.0170646577044583,0.6986983412907366,0.3024594225162397,0.4992379489842136,0.7201469346314155,0.7727085239680642,0.6187866536481443,0.2235060963783763
cohere,C2a,react,ordinal,none,0.5835600064610189,0.0183322503816017,0.6896552347607716,0.3171335452981408,0.4847607901989025,0.7310507400233114,0.7697962859056522,0.5848958180078729,0.2484971819072395
jina-v5-small,C1a,react,ordinal,none,0.5828691888580787,0.0141263098792936,0.6936554134048759,0.3070365427660163,0.4907756215670266,0.7360356247301436,0.7685582443348269,0.602117305193195,0.2247655811741492
qwen3-4b,C1b,react,ordinal,concat,0.5819384959779056,0.0152046706780257,0.6791299698515824,0.3310172816882822,0.4696626210823023,0.7171616154417956,0.7578140192437315,0.572563812067442,0.2802145371586528
openai-small,C2b,react,ordinal,average,0.5797386925378275,0.0136812930207676,0.6825131808386554,0.3261274428031143,0.4719586593357192,0.7154301093732052,0.7602903455256725,0.5831410076591246,0.2600933075933075
gemini,C4,react,ordinal,none,0.5784092237021442,0.0213556265596563,0.678825967226883,0.328968924830507,0.4667759800178242,0.6964010691729169,0.7530196532337976,0.59021650027872,0.2739996721231422
qwen3-0.6b,C2b,react,ordinal,average,0.576334108131939,0.0163758238280313,0.6905490831337596,0.311609928318714,0.4842036267853917,0.7060112620718326,0.7677346578676423,0.6057360910927989,0.2258544214954821
cohere,C1b,react,ordinal,average,0.5729596362536019,0.0230167871088632,0.6735770383520615,0.3349609973135079,0.4581465358880012,0.6970996920778981,0.7491500579418998,0.5803876759024084,0.2652011190922014
openai-small,C1b,react,ordinal,average,0.5727546065757572,0.0153651554826972,0.6785824254665418,0.3303843750233419,0.4666285445258248,0.7325652127761236,0.7540862094357654,0.5786677488990624,0.2256992551920776
jina-v5-small,C2a,react,ordinal,none,0.5715571823894746,0.0175886918269988,0.6767159731207596,0.327544884834391,0.4617068538800574,0.6857711394019154,0.7507956722128805,0.594400473544374,0.2552614443987287
openai-small,C4,react,ordinal,none,0.5715489978922175,0.0259602833789272,0.676153926347504,0.3314887249495193,0.4625582788344988,0.6949596507997914,0.7528481958337403,0.5848882267550074,0.2534999181803306
jina-v5-small,C1b,react,ordinal,average,0.566645495745969,0.0117079020585404,0.6780491907132726,0.3272311702797786,0.4634381449415293,0.7067267457773383,0.7534198956670711,0.5905881275197875,0.2158472140196791
qwen3-0.6b,C3,react,ordinal,none,0.5651425833638598,0.0192767442765445,0.6776650992203324,0.3262843000804204,0.4626984776542691,0.676132924091103,0.7542628185033818,0.5986419618199974,0.2315326290409568
qwen3-8b,C3,react,nominal,none,0.5601880745417134,0.0111738493094745,0.6788933611439953,0.3430110123767861,0.4708601243137801,0.6801501852862749,0.7510683238986594,0.6118716614508509,0.1976621275310686
cohere,C2b,react,ordinal,average,0.5588884151620354,0.0156065412878024,0.6714297828524456,0.3357520061547808,0.4525811142666902,0.6914403860730743,0.7537629116707621,0.573732068531684,0.2166182943726211
qwen3-4b,C2b,react,ordinal,concat,0.5567650607661723,0.0202456142847633,0.65519476658247,0.355473198568864,0.4299241658998589,0.6794925679721626,0.7334757880904298,0.5548460261955712,0.2592458608065253
jina-v5-small,C4,react,ordinal,none,0.5545175996480054,0.0195762195893198,0.6703359079989497,0.3360659696891985,0.4494623802281511,0.6492773013877928,0.7487559132372731,0.5964394930556816,0.2235976909112745
cohere,C4,react,ordinal,none,0.5539683966381916,0.0215051953273145,0.6659787630814593,0.344748268967904,0.444837470867505,0.679934254504279,0.7473989632754645,0.5717615654705799,0.2167788033024433
gemini,C3,react,ordinal,none,0.5532749718540565,0.0231388191266267,0.6615417389410705,0.3497928488020336,0.4380723240830105,0.6570997677772239,0.7399578144483735,0.5770754339900955,0.2389668712005332
qwen3-0.6b,C1b,react,ordinal,average,0.5530556924244056,0.011966337024453,0.6748013535273193,0.3284917550337492,0.4574045268890372,0.680434558411194,0.755788360938934,0.5907226173037496,0.1852772330437444
jina-v5-small,C3,react,ordinal,none,0.5528973450783343,0.010803317940644,0.6733948934997709,0.3316505618229305,0.4562275288631595,0.6733311578532942,0.7494196153876203,0.6003325896456891,0.1885060174267335
openai-small,C3,react,ordinal,none,0.5498010041061059,0.0138928339839742,0.6558973382840783,0.3545274487786296,0.429127612082029,0.6667897328521357,0.7315153727771744,0.5704639106387511,0.2304350001563623
qwen3-4b,C3,react,nominal,none,0.5492143584792901,0.0146578093355194,0.6694297347997361,0.3557885314922107,0.4563532461209639,0.6778339273577081,0.7418615257782689,0.6004872318661695,0.176674748915014
kalm-12b,C4,react,nominal,none,0.5457693379464515,0.0201359599622039,0.668154084272311,0.352952651510436,0.4539880983373947,0.6813201279018044,0.7411772889296768,0.597906107251154,0.1626738277031707
qwen3-8b,C4,react,nominal,none,0.542424013816969,0.011679997234158,0.6670326624315989,0.3531067700098845,0.4500662681331931,0.6975332146634224,0.744307252030357,0.5838105066257893,0.1440450819483077
cohere,C3,react,ordinal,none,0.5410547623387963,0.0116587816172932,0.6525093276960208,0.3580024599204758,0.4229733892032394,0.678035406847463,0.7314835496180221,0.5589314567933974,0.1957686360963031
openai-large,C3,react,nominal,none,0.5386229481736262,0.0169671701106445,0.653922723473666,0.3684140484365313,0.4292970375452927,0.6587020375095725,0.7282947710989529,0.5790642449717579,0.1884307391142214
kalm-12b,C3,react,nominal,none,0.5346188534282981,0.0100181033560497,0.6642856024035677,0.3614678853398201,0.4473552629524791,0.652398541171353,0.7374650003747762,0.6069385671792975,0.1416733049877654
jina-v5-small,C2b,react,ordinal,average,0.5295476719271246,0.0208127221250238,0.6437232842285263,0.3635177360764268,0.4023798017356565,0.6132510661674259,0.7250914839413298,0.5660266097083021,0.2138215278914408
openai-large,C4,react,nominal,none,0.5265687841349067,0.0133355224735503,0.6463033380507153,0.3785112999484612,0.4144599593667418,0.6594048508578109,0.7255847980337882,0.5617537236205696,0.1595317640274582
qwen3-4b,C4,react,ordinal,none,0.5260722450506083,0.0141202061921401,0.6233002217621564,0.3947593485692375,0.378187934645376,0.6298192027216606,0.7072480898535634,0.5167862269053967,0.2504354607218131
